"player_name","Pos","salary","exp_PTS_ppl"
"Johnathan Motley","PF",77250,0.193204320672203
"Malachi Richardson","SG",1569360,0.136424000018617
"James Nunnally","SF",663255,0.0856915198136209
"Edmond Sumner","PG",449794,0.0720606691785406
"Ekpe Udoh","C",3360000,0.0580263370405072
